id,url
,
1,http://esp-pratt26a4b9.local
2,http://esp-pratt26a4c0.local
3,http://esp-pratt4eaa88.local
4,http://esp-pratt269fac.local
5,http://esp-pratt4eaa82.local
6,http://esp-pratt26a4b7.local
7,http://esp-pratt4eacd1.local
8,http://esp-pratt26a4ed.local
9,http://esp-pratt4ea9fc.local
10,http://esp-pratt4eaaad.local
11,http://esp-pratt4eaaa8.local
12,http://esp-pratt4eaa9d.local
13,http://esp-pratt26a4a8.local
14,http://esp-pratt4eaaa2.local
15,http://esp-pratt26a4ad.local
16,http://esp-pratt4ea9d2.local
17,http://esp-pratt4eaaa9.local
18,http://esp-pratt26a4df.local
19,http://esp-pratt26a499.local
20,http://esp-pratt4ea9e5.local
21,http://esp-pratt4eaa98.local
22,http://esp-pratt26a4e3.local
23,http://esp-pratt4eaa91.local
24,http://esp-pratt4ea9f2.local
25,http://esp-pratt4eaaa1.local
26,http://esp-pratt4eaa8f.local
27,http://esp-pratt26a4b1.local
28,http://esp-pratt4eaa9b.local
29,http://esp-pratt4ea9d4.local
30,http://esp-pratt26a4b4.local
31,http://esp-pratt26a496.local
32,http://esp-pratt269fae.local
33,http://esp-pratt4eaaa5.local
34,http://esp-pratt26a4f2.local
35,http://esp-pratt4eaa95.local
36,http://esp-pratt269f9a.local
37,http://esp-pratt4eaa66.local
38,http://esp-pratt4eaa99.local
39,http://esp-pratt4ea9ed.local
40,http://esp-pratt26a4a6.local
41,http://esp-pratt269fa8.local
42,http://esp-pratt4ea9e2.local
43,http://esp-pratt26a4b0.local
44,http://esp-pratt4ea9d8.local
45,http://esp-pratt4eaa6d.local
46,http://esp-pratt26a495.local
47,http://esp-pratt4eaa93.local
48,http://esp-pratt26a3fb.local
49,http://esp-pratt4eaa7f.local
50,http://esp-pratt26a4ea.local
51,http://esp-pratt26a4f6.local
52,http://esp-pratt269fa5.local
53,http://esp-pratt269fa1.local
54,http://esp-pratt26a4b2.local
55,http://esp-pratt4ea9fd.local
56,http://esp-pratt4ea9ee.local
57,http://esp-pratt4ea9d7.local
58,http://esp-pratt26a4bc.local
59,http://esp-pratt4eaa81.local
60,http://esp-pratt26a4e0.local
61,http://esp-pratt4eaaa0.local
62,http://esp-pratt4ea9dd.local
63,http://esp-pratt4eaaa6.local
64,http://esp-pratt26a4b8.local
65,http://esp-pratt269f99.local
66,http://esp-pratt4eaa6e.local
67,http://esp-pratt4eaa9c.local
68,http://esp-pratt4eacb3.local
69,http://esp-pratt26a4e4.local
70,http://esp-pratt4eaa76.local
71,http://esp-pratt4eac98.local
72,http://esp-pratt26a49d.local
73,http://esp-pratt4eac89.local
74,http://esp-pratt4eac6d.local
75,http://esp-pratt4eacea.local
76,http://esp-pratt4ea9f6.local
77,http://esp-pratt4eaa6b.local
78,http://esp-pratt4ead25.local
79,http://esp-pratt4eac9d.local
80,http://esp-pratt26a49e.local
81,http://esp-pratt4eaaa7.local
82,http://esp-pratt4eacfd.local
83,http://esp-pratt4ead02.local
84,http://esp-pratt4eacd9.local
85,http://esp-pratt4eaa86.local
86,http://esp-pratt269f9c.local
87,http://esp-pratt4ea9e9.local
88,http://esp-pratt269f9f.local
89,http://esp-pratt269faa.local
90,http://esp-pratt4ead10.local
91,http://esp-pratt4ead2f.local
92,http://esp-pratt4ea9e1.local
93,http://esp-pratt4ea9f1.local
94,http://esp-pratt26a493.local
95,http://esp-pratt4ead16.local
96,http://esp-pratt26a498.local
97,http://esp-pratt26a4ac.local
98,http://esp-pratt4eaab2.local
99,http://esp-pratt4eaa8b.local
100,http://esp-pratt4eaa8c.local
101,http://esp-pratt26a4a9.local
102,http://esp-pratt4eaa7c.local
103,http://esp-pratt4eaa79.local
104,http://esp-pratt4eaa8a.local
105,http://esp-pratt4eac92.local
106,http://esp-pratt26a4b3.local
107,http://esp-pratt4ea9ea.local
108,http://esp-pratt26a497.local
109,http://esp-pratt4ea9d1.local
110,http://esp-pratt4ea9e0.local
111,http://esp-pratt26a4f0.local
112,http://esp-pratt26a4bf.local
113,http://esp-pratt4eaaa3.local
114,http://esp-pratt26a4b6.local
115,http://esp-pratt4eac99.local
116,http://esp-pratt4ea9d3.local
117,http://esp-pratt26a4a4.local
118,http://esp-pratt4eaa84.local
119,http://esp-pratt26a4af.local
120,http://esp-pratt26a4a5.local
121,http://esp-pratt4ea9fa.local
122,http://esp-pratt4eaa77.local
123,http://esp-pratt4ea9de.local
124,http://esp-pratt4ea9da.local
125,http://esp-pratt26a49a.local
126,http://esp-pratt4ea9ff.local
127,http://esp-pratt269fa2.local
128,http://esp-pratt26a4de.local
129,http://esp-pratt269fa0.local
130,http://esp-pratt4eacfb.local
131,http://esp-pratt4ead32.local
132,http://esp-pratt4eacdd.local
133,http://esp-pratt4eaa6c.local
134,http://esp-pratt4ead1f.local
135,http://esp-pratt4ea9f9.local
136,http://esp-pratt26a49f.local
137,http://esp-pratt269fa6.local
138,http://esp-pratt4ea9f3.local
139,http://esp-pratt4eaa80.local
140,http://esp-pratt4eaa71.local
141,http://esp-pratt4eaa01.local
142,http://esp-pratt26a49c.local
143,http://esp-pratt26a4f3.local
144,http://esp-pratt4eaa6f.local
145,http://esp-pratt4ead09.local
146,http://esp-pratt4ead27.local
147,http://esp-pratt4ead2b.local
148,http://esp-pratt4ead19.local
149,http://esp-pratt4eaa7a.local
150,http://esp-pratt4eacba.local
151,http://esp-pratt269fa9.local
152,http://esp-pratt4eaccf.local
153,http://esp-pratt4eaa74.local 
154,http://esp-pratt26a4ba.local
155,http://esp-pratt26a4be.local
156,http://esp-pratt4eacb6.local
157,http://esp-pratt26a4e6.local
158,http://esp-pratt26a4ef.local 
159,http://esp-pratt4eace3.local
160,http://esp-pratt4eacc4.local
161,http://esp-pratt4ead04.local
162,http://esp-pratt4ead28.local
163,http://esp-pratt4ead12.local
164,http://esp-pratt4eaa89.local
165,http://esp-pratt4eac79.local
166,http://esp-pratt4ead23.local
167,http://esp-pratt4ea9f4.local 
168,http://esp-pratt4ead14.local
169,http://esp-pratt4eaa73.local 
170,http://esp-pratt26a4c3.local
171,http://esp-pratt26a4bd.local
172,http://esp-pratt26a4a1.local
173,http://esp-pratt4ea9cd.local
174,http://esp-pratt26a4eb.local
175,http://esp-pratt26a4f1.local
176,http://esp-pratt26a4e8.local
177,http://esp-pratt4eaab1.local
178,http://esp-pratt26a4c2.local
179,http://esp-pratt4eaa7e.local
180,http://esp-pratt4ea9f5.local
181,http://esp-pratt26a4ab.local
182,http://esp-pratt4ea9d9.local
183,http://esp-pratt26a4c4.local
184,http://esp-pratt26a49b.local
185,http://esp-pratt269f9d.local
186,http://esp-pratt4ea9dc.local
187,http://esp-pratt4ea9e4.local
188,http://esp-pratt269fad.local
189,http://esp-pratt26a4a2.local
190,http://esp-pratt269fa4.local
191,http://esp-pratt4eaa70.local
192,http://esp-pratt26a4ae.local 
193,http://esp-pratt26a4a0.local
194,http://esp-pratt4eaa67.local
195,http://esp-pratt4eaaab.local
196,http://esp-pratt4ea9ec.local
197,http://esp-pratt4ea9d5.local
198,http://esp-pratt269f9e.local
199,http://esp-pratt4eaa75.local 
200,http://esp-pratt4ead0d.local
201,http://esp-pratt4eacf9.local
202,http://esp-pratt4ead0e.local
203,http://esp-pratt4eac77.local
204,http://esp-pratt4eace8.local
205,http://esp-pratt4ead2a.local
206,http://esp-pratt4ead0c.local
207,http://esp-pratt4eac90.local
208,http://esp-pratt4ead1a.local
209,http://esp-pratt4eacf5.local
210,http://esp-pratt269fb0.local
211,http://esp-pratt4eaa72.local
212,http://esp-pratt4ea9e6.local
213,http://esp-pratt4eaa9a.local
214,http://esp-pratt4eacbd.local
215,http://esp-pratt4eacda.local
216,http://esp-pratt26a4a7.local
217,http://esp-pratt4ead17.local
218,http://esp-pratt26a4e2.local
219,http://esp-pratt26a4e5.local
220,http://esp-pratt4ead26.local 
221,http://esp-pratt4ea9f8.local
222,http://esp-pratt4eac88.local
223,http://esp-pratt4ead2d.local
224,http://esp-pratt4ead05.local
225,http://esp-pratt4eaa85.local